malkiat,FREQUENCY,SUM_Shape_Area
1,413,107570.599533767672256
2,75,33094.821072881088185
