Func_Scale,FREQUENCY,SUM_Shape_Area
1,345,86862.061143682862166
2,122,38526.358773264670162
3,20,14110.197449493083695
4,1,1166.803240208178067
